{"code": "sh.603351", "name": "\u5a01\u5c14\u836f\u4e1a", "industry": "\u533b\u836f\u751f\u7269", "ROE": {}, "PE": {}, "PB": {}, "PCF": {}, "G": {"2018-4": 0.04186, "2019-1": 0.148148}, "ProG": {"2018-4": 0.040759, "2019-1": 0.41241000000000005}, "shizhi": {"2018-4": 111814351.07, "2019-1": 38166687.25}, "guben": {"2018-4": 50000000.0, "2019-1": 66666700.0}, "K_line": {}, "volume": {}, "amount": {}}