{"code": "sh.601162", "name": "\u5929\u98ce\u8bc1\u5238", "industry": "\u975e\u94f6\u91d1\u878d", "ROE": {}, "PE": {}, "PB": {}, "PCF": {}, "G": {"2018-4": -0.272727, "2019-1": 0.315789}, "ProG": {"2018-4": -0.48526899999999995, "2019-1": 2.108793}, "shizhi": {"2018-4": 316490831.48, "2019-1": 208054476.46}, "guben": {"2018-4": 5180000000.0, "2019-1": 5180000000.0}, "K_line": {}, "volume": {}, "amount": {}}