{"code": "sh.600928", "name": "\u897f\u5b89\u94f6\u884c", "industry": "\u94f6\u884c", "ROE": {}, "PE": {}, "PB": {}, "PCF": {}, "G": {"2018-4": 0.11320799999999999, "2019-1": 0.13333299999999998}, "ProG": {"2018-4": 0.12570699999999999, "2019-1": 0.149781}, "shizhi": {"2018-4": 2365168000.0, "2019-1": 700803000.0}, "guben": {"2018-4": 4000000000.0, "2019-1": 4444444445.0}, "K_line": {}, "volume": {}, "amount": {}}