{"code": "sh.603629", "name": "\u5229\u901a\u7535\u5b50", "industry": "\u7535\u5b50", "ROE": {}, "PE": {}, "PB": {}, "PCF": {}, "G": {"2018-4": 0.05128200000000001, "2019-1": -0.321429}, "ProG": {"2018-4": 0.050247, "2019-1": -0.095772}, "shizhi": {"2018-4": 92446535.43, "2019-1": 19112191.02}, "guben": {"2018-4": 100000000.0, "2019-1": 100000000.0}, "K_line": {}, "volume": {}, "amount": {}}