{"code": "sh.603739", "name": "\u851a\u84dd\u751f\u7269", "industry": "\u519c\u6797\u7267\u6e14", "ROE": {}, "PE": {}, "PB": {}, "PCF": {}, "G": {"2018-4": -0.027027, "2019-1": -0.22222199999999998}, "ProG": {"2018-4": 0.004419, "2019-1": 0.082513}, "shizhi": {"2018-4": 92939051.68, "2019-1": 12251238.34}, "guben": {"2018-4": 116000000.0, "2019-1": 154667000.0}, "K_line": {}, "volume": {}, "amount": {}}