{"code": "sh.601615", "name": "\u660e\u9633\u667a\u80fd", "industry": "\u7535\u6c14\u8bbe\u5907", "ROE": {}, "PE": {}, "PB": {}, "PCF": {}, "G": {"2018-4": 0.21875, "2019-1": 1.4}, "ProG": {"2018-4": 0.287224, "2019-1": 1.3419709999999998}, "shizhi": {"2018-4": 422750261.42, "2019-1": 35727767.74}, "guben": {"2018-4": 1103822378.0, "2019-1": 1379722378.0}, "K_line": {}, "volume": {}, "amount": {}}