{"code": "sh.603185", "name": "\u4e0a\u673a\u6570\u63a7", "industry": "\u673a\u68b0\u8bbe\u5907", "ROE": {}, "PE": {}, "PB": {}, "PCF": {}, "G": {"2018-4": 0.060378999999999995, "2019-1": -0.476562}, "ProG": {"2018-4": 0.060410000000000005, "2019-1": -0.302356}, "shizhi": {"2018-4": 200811445.9, "2019-1": 42205873.85}, "guben": {"2018-4": 126000000.0, "2019-1": 126000000.0}, "K_line": {}, "volume": {}, "amount": {}}