{"code": "sh.603121", "name": "\u534e\u57f9\u52a8\u529b", "industry": "\u6c7d\u8f66", "ROE": {}, "PE": {}, "PB": {}, "PCF": {}, "G": {"2018-4": -0.205479, "2019-1": 0.272727}, "ProG": {"2018-4": -0.20681100000000002, "2019-1": 0.6275310000000001}, "shizhi": {"2018-4": 78329431.4, "2019-1": 23815368.69}, "guben": {"2018-4": 180000000.0, "2019-1": 180000000.0}, "K_line": {}, "volume": {}, "amount": {}}