{"code": "sh.603332", "name": "\u82cf\u5dde\u9f99\u6770", "industry": "\u5316\u5de5", "ROE": {}, "PE": {}, "PB": {}, "PCF": {}, "G": {"2018-4": 0.145695, "2019-1": -0.032257999999999995}, "ProG": {"2018-4": 0.140663, "2019-1": 0.163536}, "shizhi": {"2018-4": 153913029.53, "2019-1": 32514689.83}, "guben": {"2018-4": 89203000.0, "2019-1": 118938000.0}, "K_line": {}, "volume": {}, "amount": {}}