{"code": "sh.603187", "name": "\u6d77\u5bb9\u51b7\u94fe", "industry": "\u673a\u68b0\u8bbe\u5907", "ROE": {}, "PE": {}, "PB": {}, "PCF": {}, "G": {"2018-4": 0.141414, "2019-1": 0.24}, "ProG": {"2018-4": 0.171185, "2019-1": 0.643257}, "shizhi": {"2018-4": 139297780.17, "2019-1": 49005935.87}, "guben": {"2018-4": 80000000.0, "2019-1": 80000000.0}, "K_line": {}, "volume": {}, "amount": {}}