{"code": "sh.603956", "name": "\u5a01\u6d3e\u683c", "industry": "\u673a\u68b0\u8bbe\u5907", "ROE": {}, "PE": {}, "PB": {}, "PCF": {}, "G": {"2018-4": 0.07142899999999999, "2019-1": 0.14285699999999998}, "ProG": {"2018-4": 0.064251, "2019-1": 0.099152}, "shizhi": {"2018-4": 115912640.96, "2019-1": -24482653.0}, "guben": {"2018-4": 383364000.0, "2019-1": 425960100.0}, "K_line": {}, "volume": {}, "amount": {}}