{"code": "sz.002958", "name": "\u9752\u519c\u5546\u884c", "industry": "\u94f6\u884c", "ROE": {}, "PE": {}, "PB": {}, "PCF": {}, "G": {"2018-4": 0.116279, "2019-1": 0.07142899999999999}, "ProG": {"2018-4": 0.141947, "2019-1": 0.10993399999999999}, "shizhi": {"2018-4": 2444093000.0, "2019-1": 759114000.0}, "guben": {"2018-4": 5000000000.0, "2019-1": 5555555556.0}, "K_line": {}, "volume": {}, "amount": {}}