{"code": "sz.002939", "name": "\u957f\u57ce\u8bc1\u5238", "industry": "\u975e\u94f6\u91d1\u878d", "ROE": {}, "PE": {}, "PB": {}, "PCF": {}, "G": {"2018-4": -0.34375, "2019-1": 1.25}, "ProG": {"2018-4": -0.342074, "2019-1": 1.51486}, "shizhi": {"2018-4": 589405819.38, "2019-1": 295517433.55}, "guben": {"2018-4": 3103405351.0, "2019-1": 3103405351.0}, "K_line": {}, "volume": {}, "amount": {}}