{"code": "sz.002943", "name": "\u5b87\u6676\u80a1\u4efd", "industry": "\u673a\u68b0\u8bbe\u5907", "ROE": {}, "PE": {}, "PB": {}, "PCF": {}, "G": {"2018-4": 0.230769, "2019-1": -0.45673500000000006}, "ProG": {"2018-4": 0.31105, "2019-1": -0.276293}, "shizhi": {"2018-4": 98070232.62, "2019-1": 26708151.14}, "guben": {"2018-4": 100000000.0, "2019-1": 100000000.0}, "K_line": {}, "volume": {}, "amount": {}}