{"code": "sz.002950", "name": "\u5965\u7f8e\u533b\u7597", "industry": "\u533b\u836f\u751f\u7269", "ROE": {}, "PE": {}, "PB": {}, "PCF": {}, "G": {"2018-4": -0.025452000000000002, "2019-1": 0.29325999999999997}, "ProG": {"2018-4": -0.029992, "2019-1": 0.354087}, "shizhi": {"2018-4": 226310122.15, "2019-1": 54824401.22}, "guben": {"2018-4": 374176938.0, "2019-1": 422176938.0}, "K_line": {}, "volume": {}, "amount": {}}