{"code": "sz.002941", "name": "\u65b0\u7586\u4ea4\u5efa", "industry": "\u5efa\u7b51\u88c5\u9970", "ROE": {}, "PE": {}, "PB": {}, "PCF": {}, "G": {"2018-4": 0.428571, "2019-1": -1.24}, "ProG": {"2018-4": 0.38465900000000003, "2019-1": -1.292638}, "shizhi": {"2018-4": 364572456.95, "2019-1": -41295220.16}, "guben": {"2018-4": 645000000.0, "2019-1": 645000000.0}, "K_line": {}, "volume": {}, "amount": {}}