{"code": "sz.002946", "name": "\u65b0\u4e73\u4e1a", "industry": "\u98df\u54c1\u996e\u6599", "ROE": {}, "PE": {}, "PB": {}, "PCF": {}, "G": {"2018-4": 0.103448, "2019-1": 0.0}, "ProG": {"2018-4": 0.14206400000000002, "2019-1": 0.087922}, "shizhi": {"2018-4": 246622352.0, "2019-1": 23546448.79}, "guben": {"2018-4": 768339599.0, "2019-1": 853710666.0}, "K_line": {}, "volume": {}, "amount": {}}