{"code": "sz.002945", "name": "\u534e\u6797\u8bc1\u5238", "industry": "\u975e\u94f6\u91d1\u878d", "ROE": {}, "PE": {}, "PB": {}, "PCF": {}, "G": {"2018-4": -0.263158, "2019-1": 0.333333}, "ProG": {"2018-4": -0.256392, "2019-1": 0.13752899999999998}, "shizhi": {"2018-4": 343640691.54, "2019-1": 92397713.78}, "guben": {"2018-4": 2430000000.0, "2019-1": 2700000000.0}, "K_line": {}, "volume": {}, "amount": {}}