{"code": "sz.300674", "name": "\u5b87\u4fe1\u79d1\u6280", "industry": "\u8ba1\u7b97\u673a", "ROE": {}, "PE": {}, "PB": {}, "PCF": {}, "G": {"2018-4": 0.019231, "2019-1": 1.0625}, "ProG": {"2018-4": 0.042493, "2019-1": 0.740484}, "shizhi": {"2018-4": 197361054.83, "2019-1": -4946785.42}, "guben": {"2018-4": 400010000.0, "2019-1": 400010000.0}, "K_line": {}, "volume": {}, "amount": {}}