{"code": "sz.300756", "name": "\u4e2d\u5c71\u91d1\u9a6c", "industry": "\u673a\u68b0\u8bbe\u5907", "ROE": {}, "PE": {}, "PB": {}, "PCF": {}, "G": {"2018-4": -0.041056, "2019-1": -0.67619}, "ProG": {"2018-4": -0.041766000000000005, "2019-1": -0.568113}, "shizhi": {"2018-4": 98043804.3, "2019-1": 13616139.88}, "guben": {"2018-4": 40000000.0, "2019-1": 40000000.0}, "K_line": {}, "volume": {}, "amount": {}}