{"code": "sz.300694", "name": "\u8821\u6e56\u80a1\u4efd", "industry": "\u6c7d\u8f66", "ROE": {}, "PE": {}, "PB": {}, "PCF": {}, "G": {"2018-4": -0.229508, "2019-1": -0.17647100000000002}, "ProG": {"2018-4": -0.18288900000000002, "2019-1": 0.081884}, "shizhi": {"2018-4": 80075873.1, "2019-1": 29718327.41}, "guben": {"2018-4": 215316977.0, "2019-1": 215316977.0}, "K_line": {}, "volume": {}, "amount": {}}