{"code": "sz.300752", "name": "\u9686\u5229\u79d1\u6280", "industry": "\u7535\u5b50", "ROE": {}, "PE": {}, "PB": {}, "PCF": {}, "G": {"2018-4": 0.587912, "2019-1": -0.366667}, "ProG": {"2018-4": 0.6331859999999999, "2019-1": -0.155073}, "shizhi": {"2018-4": 161724003.93, "2019-1": 28992190.12}, "guben": {"2018-4": 72661200.0, "2019-1": 72661200.0}, "K_line": {}, "volume": {}, "amount": {}}