{"code": "sz.300758", "name": "\u4e03\u5f69\u5316\u5b66", "industry": "\u5316\u5de5", "ROE": {}, "PE": {}, "PB": {}, "PCF": {}, "G": {"2018-4": 0.023256, "2019-1": -0.461538}, "ProG": {"2018-4": 0.019272, "2019-1": -0.251485}, "shizhi": {"2018-4": 105376881.81, "2019-1": 15321163.67}, "guben": {"2018-4": 80000000.0, "2019-1": 106680000.0}, "K_line": {}, "volume": {}, "amount": {}}