{"code": "sz.300757", "name": "\u7f57\u535a\u7279\u79d1", "industry": "\u673a\u68b0\u8bbe\u5907", "ROE": {}, "PE": {}, "PB": {}, "PCF": {}, "G": {"2018-4": 0.096552, "2019-1": 0.12026099999999999}, "ProG": {"2018-4": 0.095178, "2019-1": 0.359279}, "shizhi": {"2018-4": 95231042.79, "2019-1": 6087946.36}, "guben": {"2018-4": 80000000.0, "2019-1": 80000000.0}, "K_line": {}, "volume": {}, "amount": {}}