{"code": "sz.300755", "name": "\u534e\u81f4\u9152\u884c", "industry": "\u5546\u4e1a\u8d38\u6613", "ROE": {}, "PE": {}, "PB": {}, "PCF": {}, "G": {"2018-4": 0.10256400000000002, "2019-1": 0.2}, "ProG": {"2018-4": 0.09640800000000001, "2019-1": 0.42437299999999994}, "shizhi": {"2018-4": 227494485.71, "2019-1": 93901073.69}, "guben": {"2018-4": 173666000.0, "2019-1": 231554667.0}, "K_line": {}, "volume": {}, "amount": {}}