{"code": "sz.300759", "name": "\u5eb7\u9f99\u5316\u6210", "industry": "\u533b\u836f\u751f\u7269", "ROE": {}, "PE": {}, "PB": {}, "PCF": {}, "G": {"2018-4": 0.461538, "2019-1": 0.24023200000000003}, "ProG": {"2018-4": 0.493349, "2019-1": 0.319678}, "shizhi": {"2018-4": 339025800.36, "2019-1": 52311197.22}, "guben": {"2018-4": 590663575.0, "2019-1": 656293575.0}, "K_line": {}, "volume": {}, "amount": {}}