{"code": "sz.300761", "name": "\u7acb\u534e\u80a1\u4efd", "industry": "\u519c\u6797\u7267\u6e14", "ROE": {}, "PE": {}, "PB": {}, "PCF": {}, "G": {"2018-4": 0.644069, "2019-1": -0.736735}, "ProG": {"2018-4": 0.6440640000000001, "2019-1": -0.726703}, "shizhi": {"2018-4": 1299693032.69, "2019-1": 106636533.4}, "guben": {"2018-4": 362600000.0, "2019-1": 403880000.0}, "K_line": {}, "volume": {}, "amount": {}}